/*!40101 SET character_set_client = utf8 */;

INSERT INTO `organisations` (`id`, `approved`, `name`, `website`, `mail`, `phone`, `address_id`) VALUES
('00000001-0000-0000-0008-000000000000', 0, 'notApprovedOrga', 'www.notApprovedOrga.de', 'notApprovedOrga@1.de', '01234567890', '00000000-0000-0000-0006-100000000000'),
('00000002-0000-0000-0008-000000000000', 0, 'notApprovedOrga2', 'www.notApprovedOrga2.de', 'notApprovedOrga2@1.de', '01234567890', '00000000-0000-0000-0006-100000000000'),
('00000003-0000-0000-0008-000000000000', 0, 'notApprovedOrga3', 'www.notApprovedOrga3.de', 'notApprovedOrga3@1.de', '01234567890', '00000000-0000-0000-0006-100000000000');

INSERT INTO `users` (`id`, `superuser`, `username`, `password`, `name`, `phone`) VALUES
('00000001-0000-0000-0004-000000000000', 0, 'notapprovedorga@user', '$2a$10$0pLpBHF8gWe9UFz1eJzAHOwwUHMIjfkaImWTP1BX9wAmWLdcOvbNW', 'notapprovedorga', '01234567890'),
('00000002-0000-0000-0004-000000000000', 0, 'createorga@user', '$2a$10$0pLpBHF8gWe9UFz1eJzAHOwwUHMIjfkaImWTP1BX9wAmWLdcOvbNW', 'createorga', '01234567890'),
('00000003-0000-0000-0004-000000000000', 0, 'notapprovedorga2@user', '$2a$10$0pLpBHF8gWe9UFz1eJzAHOwwUHMIjfkaImWTP1BX9wAmWLdcOvbNW', 'notapprovedorga2', '01234567890'),
('00000004-0000-0000-0004-000000000000', 0, 'blog1@user', '$2a$10$0pLpBHF8gWe9UFz1eJzAHOwwUHMIjfkaImWTP1BX9wAmWLdcOvbNW', 'blog1', '01234567890'),
('00000005-0000-0000-0004-000000000000', 0, 'blog2@user', '$2a$10$0pLpBHF8gWe9UFz1eJzAHOwwUHMIjfkaImWTP1BX9wAmWLdcOvbNW', 'blog2', '01234567890'),
('00000006-0000-0000-0004-000000000000', 0, 'blogNotApproved@user', '$2a$10$0pLpBHF8gWe9UFz1eJzAHOwwUHMIjfkaImWTP1BX9wAmWLdcOvbNW', 'blogNotApproved', '01234567890'),
('00000007-0000-0000-0004-000000000000', 0, 'bloggerApply@user', '$2a$10$0pLpBHF8gWe9UFz1eJzAHOwwUHMIjfkaImWTP1BX9wAmWLdcOvbNW', 'blogNotApproved', '01234567890');

INSERT INTO `providers` (`id`, `organisation_id`, `user_id`, `admin`, `approved`) VALUES
('00000001-0000-0000-0009-000000000000', '00000001-0000-0000-0008-000000000000', '00000001-0000-0000-0004-000000000000', 1, 1),
('00000002-0000-0000-0009-000000000000', '00000002-0000-0000-0008-000000000000', '00000003-0000-0000-0004-000000000000', 1, 1);

INSERT INTO `bloggers`(`id`, `approved`, `user_id`) VALUES
('00000000-0000-0000-0015-100000000000', 1, '00000004-0000-0000-0004-000000000000'),
('00000000-0000-0000-0015-200000000000', 1, '00000005-0000-0000-0004-000000000000'),
('00000000-0000-0000-0015-300000000000', 0, '00000006-0000-0000-0004-000000000000');

INSERT INTO `blogs`(`id`, `activity_id`, `blogger_id`) VALUES
('00000000-0000-0000-0016-100000000000', '00000000-0000-0000-0010-100000000000', '00000000-0000-0000-0015-100000000000'),
('00000000-0000-0000-0016-200000000000', null, '00000000-0000-0000-0015-100000000000'),
('00000000-0000-0000-0016-300000000000', '00000000-0000-0000-0010-100000000000', '00000000-0000-0000-0015-200000000000'),
('00000000-0000-0000-0016-400000000000', '00000000-0000-0000-0010-100000000000', '00000000-0000-0000-0015-100000000000'),
('00000000-0000-0000-0016-500000000000', '00000000-0000-0000-0010-100000000000', '00000000-0000-0000-0015-100000000000'),
('00000000-0000-0000-0016-600000000000', '00000000-0000-0000-0010-100000000000', '00000000-0000-0000-0015-100000000000'),
('00000000-0000-0000-0016-700000000000', '00000000-0000-0000-0010-100000000000', '00000000-0000-0000-0015-100000000000');

INSERT INTO `blog_translatables` (`id`, `parent_id`, `language_id`, `title`, `content`) VALUES
('00000000-0000-0000-0017-100000000000', '00000000-0000-0000-0016-100000000000', '00000000-0000-0000-0013-400000000000', 'blog1', 'blog1'),
('00000000-0000-0000-0017-200000000000', '00000000-0000-0000-0016-200000000000', '00000000-0000-0000-0013-400000000000', 'blog1', 'blog1'),
('00000000-0000-0000-0017-300000000000', '00000000-0000-0000-0016-300000000000', '00000000-0000-0000-0013-400000000000', 'blog2', 'blog2'),
('00000000-0000-0000-0017-400000000000', '00000000-0000-0000-0016-400000000000', '00000000-0000-0000-0013-400000000000', 'toDeleteBlogControllerOwn', 'toDeleteBlogControllerOwn'),
('00000000-0000-0000-0017-500000000000', '00000000-0000-0000-0016-500000000000', '00000000-0000-0000-0013-400000000000', 'toDeleteBlogControllerSuper', 'toDeleteBlogControllerSuper'),
('00000000-0000-0000-0017-600000000000', '00000000-0000-0000-0016-600000000000', '00000000-0000-0000-0013-400000000000', 'toDeleteUserControllerOwn', 'toDeleteUserControllerOwn'),
('00000000-0000-0000-0017-700000000000', '00000000-0000-0000-0016-700000000000', '00000000-0000-0000-0013-400000000000', 'toDeleteUserControllerSuper', 'toDeleteUserControllerSuper');
