/*!40101 SET character_set_client = utf8 */;

INSERT INTO `configurations` (`id`, `item`, `value`) VALUES
('10000000-0000-0000-0001-100000000000', 'mapcenterLongitude', '7.1756'),
('10000000-0000-0000-0001-200000000000', 'mapcenterLatitude', '51.2640'),
('10000000-0000-0000-0001-300000000000', 'zoomfactor', '13.5'),
('10000000-0000-0000-0001-400000000000', 'mapProjection', 'EPSG:4326'),
('10000000-0000-0000-0001-500000000000', 'portalName', 'Wuppngo'),
('10000000-0000-0000-0001-600000000000', 'portalSubtitle', 'Jugendportal'),
('10000000-0000-0000-0001-700000000000', 'portalMail', 'milli@codeschluss.de');

INSERT INTO `tags` (`id`, `name`, `description`) VALUES
('10000000-0000-0000-0002-100000000000', 'sport'),
('10000000-0000-0000-0002-200000000000', 'freizeit'),
('10000000-0000-0000-0002-300000000000', 'religion'),
('10000000-0000-0000-0002-400000000000', 'sonntags'),
('10000000-0000-0000-0002-500000000000', 'liebe'),
('10000000-0000-0000-0002-600000000000', 'feiern'),
('10000000-0000-0000-0002-700000000000', 'tanzen'),
('10000000-0000-0000-0002-800000000000', 'zusammen'),
('10000000-0000-0000-0002-900000000000', 'freitags'),
('10000000-0000-0000-0002-110000000000', 'beratung');

INSERT INTO `tag_translatables` (`id`, `name`, `language_id`, `parent_id`) VALUES
('10000000-0000-0000-0002-100000000000', 'sport', '00000000-0000-0000-0013-400000000000', '10000000-0000-0000-0002-100000000000'),
('10000000-0000-0000-0002-200000000000', 'freizeit', '00000000-0000-0000-0013-400000000000', '10000000-0000-0000-0002-200000000000'),
('10000000-0000-0000-0002-300000000000', 'religion', '00000000-0000-0000-0013-400000000000', '10000000-0000-0000-0002-300000000000'),
('10000000-0000-0000-0002-400000000000', 'sonntags', '00000000-0000-0000-0013-400000000000', '10000000-0000-0000-0002-400000000000'),
('10000000-0000-0000-0002-500000000000', 'liebe', '00000000-0000-0000-0013-400000000000', '10000000-0000-0000-0002-500000000000'),
('10000000-0000-0000-0002-600000000000', 'feiern', '00000000-0000-0000-0013-400000000000', '10000000-0000-0000-0002-600000000000'),
('10000000-0000-0000-0002-700000000000', 'tanzen', '00000000-0000-0000-0013-400000000000', '10000000-0000-0000-0002-700000000000'),
('10000000-0000-0000-0002-800000000000', 'zusammen', '00000000-0000-0000-0013-400000000000', '10000000-0000-0000-0002-800000000000'),
('10000000-0000-0000-0002-900000000000', 'freitags', '00000000-0000-0000-0013-400000000000', '10000000-0000-0000-0002-900000000000'),
('10000000-0000-0000-0002-110000000000', 'beratung', '00000000-0000-0000-0013-400000000000', '10000000-0000-0000-0002-110000000000');

INSERT INTO `target_groups` (`id`, `name`, `description`) VALUES
('10000000-0000-0000-0003-100000000000', 'Junge Erwachsene'),
('10000000-0000-0000-0003-200000000000', 'Jungen'),
('10000000-0000-0000-0003-300000000000', 'Mädchen'),
('10000000-0000-0000-0003-400000000000', 'LSBTIQ'),
('10000000-0000-0000-0003-500000000000', 'Jugendliche mit Behinderung'),
('10000000-0000-0000-0003-600000000000', 'Migrant*innen'),
('10000000-0000-0000-0003-700000000000', 'Geflüchtete');

INSERT INTO `target_group_translatables` (`id`, `name`, `language_id`, `parent_id`) VALUES
('10000000-0000-0000-0003-100000000000', 'Junge Erwachsene', '00000000-0000-0000-0013-400000000000', '10000000-0000-0000-0003-100000000000'),
('10000000-0000-0000-0003-200000000000', 'Jungen', '00000000-0000-0000-0013-400000000000', '10000000-0000-0000-0003-200000000000'),
('10000000-0000-0000-0003-300000000000', 'Mädchen', '00000000-0000-0000-0013-400000000000', '10000000-0000-0000-0003-300000000000'),
('10000000-0000-0000-0003-400000000000', 'LSBTIQ', '00000000-0000-0000-0013-400000000000', '10000000-0000-0000-0003-400000000000'),
('10000000-0000-0000-0003-500000000000', 'Jugendliche mit Behinderung', '00000000-0000-0000-0013-400000000000', '10000000-0000-0000-0003-500000000000'),
('10000000-0000-0000-0003-600000000000', 'Migrant*innen','00000000-0000-0000-0013-400000000000', '10000000-0000-0000-0003-600000000000'),
('10000000-0000-0000-0003-700000000000', 'Geflüchtete', '00000000-0000-0000-0013-400000000000', '10000000-0000-0000-0003-700000000000');

INSERT INTO `users` (`id`, `superuser`, `username`, `password`, `name`, `phone`) VALUES
('00000000-0000-0000-0004-100000000000', 1, 'super@user', '$2a$10$0pLpBHF8gWe9UFz1eJzAHOwwUHMIjfkaImWTP1BX9wAmWLdcOvbNW', 'Sebastian Superuser', '01234567890'),
('00000000-0000-0000-0004-200000000000', 0, 'admin@user', '$2a$10$0pLpBHF8gWe9UFz1eJzAHOwwUHMIjfkaImWTP1BX9wAmWLdcOvbNW', 'Annette Adminuser', '09876543210'),
('00000000-0000-0000-0004-300000000000', 0, 'anbieter1@user', '$2a$10$0pLpBHF8gWe9UFz1eJzAHOwwUHMIjfkaImWTP1BX9wAmWLdcOvbNW', 'Anton Anbieter', '09876543210'),
('00000000-0000-0000-0004-400000000000', 0, 'anbieter2@user', '$2a$10$0pLpBHF8gWe9UFz1eJzAHOwwUHMIjfkaImWTP1BX9wAmWLdcOvbNW', 'Alfred Anbieter', '09876543210'),
('00000000-0000-0000-0004-500000000000', 0, 'blogger1@user', '$2a$10$0pLpBHF8gWe9UFz1eJzAHOwwUHMIjfkaImWTP1BX9wAmWLdcOvbNW', 'Brigitte Blogger', '09876543210'),
('00000000-0000-0000-0004-600000000000', 0, 'blogger2@user', '$2a$10$0pLpBHF8gWe9UFz1eJzAHOwwUHMIjfkaImWTP1BX9wAmWLdcOvbNW', 'Barbara Blogger', '09876543210');

INSERT INTO `suburbs` (`id`, `name`, `created`, `modified`) VALUES
('02957cb5-a93c-4f7e-b016-20c1e7ee0c87','Uellendahl-Katernberg','2017-12-18 01:36:47','2017-12-18 01:36:47'),
('18e97a95-877e-418f-a136-03edda67e3ae','Elberfeld','2017-12-18 01:36:47','2017-12-18 01:36:47'),
('1fed19c5-2d04-481c-aedc-5c9ed0a509b1','Elberfeld-West','2017-12-18 01:36:47','2017-12-18 01:36:47'),
('2abe9d1e-983f-4a5b-89bc-4c4714d01e67','Heckinghausen','2017-12-18 01:36:47','2017-12-18 01:36:47'),
('2afef02e-211c-4885-a975-419135697066','Oberbarmen','2017-12-18 01:36:47','2017-12-18 01:36:47'),
('3a502d34-64cd-41ee-9ff8-c8242f44721b','Vohwinkel','2017-12-18 01:36:47','2017-12-18 01:36:47'),
('61fea5a4-8b0e-44fa-9f94-a85740280027','Ronsdorf','2017-12-18 01:36:47','2017-12-18 01:36:47'),
('621fa8f0-7dac-4ee9-8a48-77a89d33de66','Langerfeld-Bexenburg','2017-12-18 01:36:47','2017-12-18 01:36:47'),
('8c9c7379-e6f8-4949-afb2-d8ca1e76e03a','Barmen','2017-12-18 01:36:47','2017-12-18 01:36:47'),
('9254f173-e645-4e38-a17a-b8b17ce4dfe9','Cronenberg','2017-12-18 01:36:47','2017-12-18 01:36:47');

INSERT INTO `addresses` (`id`, `latitude`, `longitude`, `street`, `house_number`, `postal_code`, `place`, `suburb_id`, `created`, `modified`) VALUES
('0bd40722-bc42-4fb5-aa51-97374a46f4a3',51.2856063843,7.2379789352,'Heinrich-Böll-Straße','258','42277','Wuppertal','8c9c7379-e6f8-4949-afb2-d8ca1e76e03a','2018-09-15 11:22:28','2018-09-15 11:22:28'),
('0d8653e1-1fd7-49dc-8b29-83fa436658d8',51.2635536194,7.1742868423,'Hünefeldstraße','54a','42285','Wuppertal','8c9c7379-e6f8-4949-afb2-d8ca1e76e03a','2018-02-14 12:33:19','2018-02-14 12:33:19'),
('0eceda06-486c-4f6c-a24c-b5b5d406537e',51.2457427979,7.1483640671,'Gaußstraße','20','42119','Wuppertal','18e97a95-877e-418f-a136-03edda67e3ae','2018-08-16 12:18:04','2018-08-16 12:18:04'),
('1575e1f9-85f9-4439-8df5-7c9a320f83bc',51.2317123413,7.0700817108,'Bahnstraße','9','42327','Wuppertal','3a502d34-64cd-41ee-9ff8-c8242f44721b','2018-08-25 11:44:49','2018-08-25 11:44:49'),
('3be5b8cd-25ff-434f-85db-0816122807b5',51.2100372314,7.1391000748,'Hauptstraße','96','42349','Wuppertal','9254f173-e645-4e38-a17a-b8b17ce4dfe9','2018-02-14 12:46:16','2018-02-14 12:46:16'),
('3cfc27de-6419-4674-8323-32d7b9368f25',52.1262741089,11.6005344391,'Fröbelstraße','1a','42117','Wuppertal','1fed19c5-2d04-481c-aedc-5c9ed0a509b1','2018-04-09 10:04:54','2018-04-09 10:04:54'),
('4049df9b-6907-449a-be16-d6a389893674',51.2656860352,7.1805038452,'Martin-Luther-Straße ','13','42285 ','Wuppertal','8c9c7379-e6f8-4949-afb2-d8ca1e76e03a','2018-02-14 12:55:43','2018-02-14 12:55:43'),
('4095f470-a72a-4f66-acc9-51b9ac1e95a4',51.2140960693,7.1460165977,'Hastener Straße','4','42349','Wuppertal','9254f173-e645-4e38-a17a-b8b17ce4dfe9','2018-06-18 09:03:46','2018-06-18 09:03:46'),
('4146a199-9b08-4d58-ab91-ae2ed69abcf2',51.2641448975,7.1467270851,'Gathe','6','42107','Wuppertal','18e97a95-877e-418f-a136-03edda67e3ae','2018-02-20 10:27:40','2018-02-20 10:27:40'),
('4233ef60-80ff-4a70-ac3b-450621f3b245',51.2704238892,7.1948719025,'Bernhard-Letterhaus-Straße','08','42275','Wuppertal','8c9c7379-e6f8-4949-afb2-d8ca1e76e03a','2018-01-30 12:38:53','2018-01-30 12:38:53'),
('4476e4cd-9541-4fec-be3b-a45fb83eba6f',51.2755241394,7.2214918137,'Berliner Straße','173','42277','Wuppertal','2afef02e-211c-4885-a975-419135697066','2018-02-14 12:51:14','2018-05-11 14:05:23'),
('4a10c8c9-31cd-4e7e-a945-66541445a2d6',51.2625122070,7.1420779228,'Ludwigstraße ','56','42105','Wuppertal','18e97a95-877e-418f-a136-03edda67e3ae','2018-02-14 12:27:21','2018-02-14 12:27:21'),
('4d075a87-57f3-430a-9936-49b5dfa8d7f1',51.2639732361,7.1467843056,'Gathe','6','42107','Wuppertal','18e97a95-877e-418f-a136-03edda67e3ae','2018-01-17 08:24:40','2018-01-17 08:24:40'),
('59c0c0c2-591c-479b-8445-0d4c60d36c89',51.2729835510,7.2067446709,'Höhne','43','42275','Wuppertal','8c9c7379-e6f8-4949-afb2-d8ca1e76e03a','2018-08-08 15:12:27','2018-08-08 15:12:27'),
('69bb35c1-7271-429b-864e-c7f316ea9a79',51.2640151978,7.1467399597,'Gathe','6','42107','Wuppertal','18e97a95-877e-418f-a136-03edda67e3ae','2018-01-17 08:39:00','2018-01-17 08:39:00'),
('6b38c621-cdee-4b25-82d2-533dbb338aef',51.2648620605,7.1483478546,'Platz der Republik','24','42107','Wuppertal','18e97a95-877e-418f-a136-03edda67e3ae','2018-08-24 14:37:30','2018-08-24 14:37:30'),
('6d3ba767-a5e9-4d1d-b252-2d3ebfee2cca',51.2640151978,7.1467399597,'Gathe','6','42107','Wuppertal','18e97a95-877e-418f-a136-03edda67e3ae','2018-01-17 08:28:09','2018-01-17 08:28:09'),
('6d3d0f6a-197d-4bdf-9d6d-014e77340df8',51.2688865662,7.1964454651,'Stresemannstraße','3','42275','Wuppertal','8c9c7379-e6f8-4949-afb2-d8ca1e76e03a','2018-01-18 17:59:30','2018-01-18 17:59:30'),
('6ff3b7f5-b9ea-45fe-b7b3-93a0bcf8cfdb',51.2624168396,7.1721982956,'Hünefeldstraße','14a','42285','Wuppertal','8c9c7379-e6f8-4949-afb2-d8ca1e76e03a','2018-09-21 09:11:46','2018-09-21 09:11:46'),
('72a75937-1724-4631-af60-6c726f72997a',51.2635536194,7.1742868423,'Hünefeldstraße','54a','42285','Wuppertal','8c9c7379-e6f8-4949-afb2-d8ca1e76e03a','2018-02-14 12:18:33','2018-02-14 12:18:33'),
('72f235ab-191b-4421-a6fe-c516a8a54683',51.2595939636,7.1712403297,'Elberfelder Straße','87','42285','Wuppertal','8c9c7379-e6f8-4949-afb2-d8ca1e76e03a','2018-06-19 13:59:18','2018-06-19 13:59:18'),
('7abdd488-ce07-4893-9012-799a00ccfa28',51.2289810181,7.0696187019,'Gräfrather Straße','15','42329','Wuppertal','3a502d34-64cd-41ee-9ff8-c8242f44721b','2018-09-13 15:36:46','2018-09-13 15:36:46'),
('7d0ab2cb-9fb8-4c82-933a-343db499ede5',51.2295570374,7.0676479340,'Rubensstraße','4','42329','Wuppertal','3a502d34-64cd-41ee-9ff8-c8242f44721b','2018-08-25 11:19:16','2018-08-25 11:19:16'),
('8291a3d4-e84c-438b-83f2-78636f26014d',51.2721557617,7.2001295090,'Johannes-Rauh-Platz','1','42275 ','Wupportal','8c9c7379-e6f8-4949-afb2-d8ca1e76e03a','2018-02-19 17:03:33','2018-02-19 17:03:33'),
('870fc695-5cf3-4b24-9024-e66c8a921c07',51.2641448975,7.1467270851,'Gathe','6','42107','Wuppertal Elberfeld','18e97a95-877e-418f-a136-03edda67e3ae','2018-02-26 21:44:02','2018-02-26 21:44:02'),
('8d932c0c-c5e0-4fc4-9235-63bde4b8f063',51.2308731079,7.1311569214,'Spessartweg','25','42349','Wuppertal','9254f173-e645-4e38-a17a-b8b17ce4dfe9','2018-06-18 08:42:25','2018-06-18 08:42:25'),
('90ac3a97-dd86-4482-9b64-4dacf5696ec0',51.2625122070,7.1420779228,'Ludwigstraße','56','42105','Wuppertal','18e97a95-877e-418f-a136-03edda67e3ae','2018-02-14 12:23:06','2018-02-14 12:23:06'),
('96b4809d-93a7-4455-9c20-5dc0072d541a',51.2774238586,7.2040734291,'Eintrachtstraße','45','42275','Wuppertal','8c9c7379-e6f8-4949-afb2-d8ca1e76e03a','2018-02-27 09:00:07','2018-02-27 09:00:07'),
('a0b85371-db5b-46a1-a921-4f0d3c4e010b',51.2481155396,7.1268663406,'Fröbelstraße','1a','42117','Wuppertal',NULL,'2018-04-09 09:31:44','2018-04-09 09:31:44'),
('a59f8140-6e8a-4f60-8db4-3b197591321f',51.2565040588,7.1641497612,'Bendahler Straße','29','42285','Wuppertal','8c9c7379-e6f8-4949-afb2-d8ca1e76e03a','2018-08-21 08:01:28','2018-08-21 08:01:28'),
('a66ad6d8-29c7-4b15-a7ae-fee1b3d8239f',51.2755241394,7.2214918137,'Berliner Straße','173','42277','Wuppertal','2afef02e-211c-4885-a975-419135697066','2018-02-14 12:48:45','2018-05-11 14:04:56'),
('b94df03a-9999-4183-a9f7-8ed8ca3a3a99',51.2641448975,7.1467270851,'Gathe','6','42107','Wuppertal','18e97a95-877e-418f-a136-03edda67e3ae','2018-02-26 16:18:57','2018-02-26 16:18:57'),
('bd590d22-c82e-425f-9ebe-7b0f44433ef5',51.2307624817,7.0746173859,'Westring','74','42329','Wuppertal','3a502d34-64cd-41ee-9ff8-c8242f44721b','2018-09-15 10:51:55','2018-09-15 10:51:55'),
('c461e0e9-ad0a-47e0-bfcb-b686fdcadfeb',51.2782173157,7.2186446190,'Wichlinghauser Straße','38','42277','Wuppertal','2afef02e-211c-4885-a975-419135697066','2018-10-23 09:04:25','2018-10-23 09:04:25'),
('d2063650-3314-4102-9de6-64726781fa16',51.2569274902,7.1404852867,'Kolpingstraße','13','42103','Wuppertal','18e97a95-877e-418f-a136-03edda67e3ae','2018-02-01 14:27:04','2018-02-01 14:27:04'),
('d6212acd-72db-4da2-9d1f-b32eb426cdb5',51.2691879272,7.2025456429,'Saarbrücker Straße','40','42289','Wuppertal','8c9c7379-e6f8-4949-afb2-d8ca1e76e03a','2018-08-02 07:02:57','2018-08-02 07:02:57'),
('d8912840-958e-4265-a64d-c71202c56fc9',51.2625808716,7.1455755234,'Friedrichstraße','2','42105','Wuppertal','18e97a95-877e-418f-a136-03edda67e3ae','2018-02-03 21:02:29','2018-02-03 21:02:29'),
('da30a7a4-3995-4bb3-b5ed-6319b2e266c5',51.2594261169,7.1526308060,'Deweerthstraße','117','42107','Wuppertal','18e97a95-877e-418f-a136-03edda67e3ae','2018-03-27 12:20:49','2018-03-27 12:20:49'),
('db2527da-f0df-4da7-8ef2-ec10d56aa613',51.2594642639,7.1714754105,'Elberfelder Straße','87-89','42285','Wuppertal','8c9c7379-e6f8-4949-afb2-d8ca1e76e03a','2018-03-27 12:27:12','2018-03-27 12:27:12'),
('e558777d-192a-4f25-b05b-2d1c82b5c445',51.2284202576,7.1394515038,'Küllenhahner Straße','145','42349','Wuppertal','9254f173-e645-4e38-a17a-b8b17ce4dfe9','2018-06-18 09:28:02','2018-06-18 09:28:02'),
('edbd167f-2cd3-4fdd-9e8e-71328a628841',51.2704353333,7.1950840950,'Bernhard-Letterhaus-Straße','8','42275','Wuppertal','8c9c7379-e6f8-4949-afb2-d8ca1e76e03a','2018-01-30 12:49:52','2018-01-30 12:49:52'),
('eff7b6b0-ee69-4b8d-8247-ecc112a860f5',51.2365646362,7.0955810547,'Unten Vorm Steeg','1','42329','Wuppertal','1fed19c5-2d04-481c-aedc-5c9ed0a509b1','2018-09-21 09:37:58','2018-10-10 08:28:53');

INSERT INTO `categories` (`id`, `description`, `color`) VALUES
('00000000-0000-0000-0007-100000000000', 'Sport', '#4C9FBA'),
('00000000-0000-0000-0007-200000000000', 'Essen / Trinken', '#81A3FF'),
('00000000-0000-0000-0007-300000000000', 'Musik / Tanz', '#DD574A'),
('00000000-0000-0000-0007-400000000000', 'Kreativität', '#79A838'),
('00000000-0000-0000-0007-500000000000', 'Gaming', '#D36396'),
('00000000-0000-0000-0007-600000000000', 'Unterwegs', '#7062BF'),
('00000000-0000-0000-0007-700000000000', 'Events', '#F2DE9E'),
('00000000-0000-0000-0007-800000000000', 'Help me, please!', '#A83886'),
('00000000-0000-0000-0007-900000000000', 'Chillen', '#EFCE63'),
('00000000-0000-0000-0007-110000000000', 'Politisch organisieren', '#6FC9A3'),
('00000000-0000-0000-0007-120000000000', 'Ferien', '#FFA16F'),
('00000000-0000-0000-0007-130000000000', 'Religion', '#236E4E');

INSERT INTO `category_translatables` (`id`, `name`, `language_id`, `parent_id`) VALUES
('00000000-0000-0000-0007-100000000000', 'Sport', '00000000-0000-0000-0013-400000000000', '00000000-0000-0000-0007-100000000000'),
('00000000-0000-0000-0007-200000000000', 'Essen / Trinken', '00000000-0000-0000-0013-400000000000', '00000000-0000-0000-0007-200000000000'),
('00000000-0000-0000-0007-300000000000', 'Musik / Tanz', '00000000-0000-0000-0013-400000000000', '00000000-0000-0000-0007-300000000000'),
('00000000-0000-0000-0007-400000000000', 'Kreativität', '00000000-0000-0000-0013-400000000000', '00000000-0000-0000-0007-400000000000'),
('00000000-0000-0000-0007-500000000000', 'Gaming', '00000000-0000-0000-0013-400000000000', '00000000-0000-0000-0007-500000000000'),
('00000000-0000-0000-0007-600000000000', 'Unterwegs', '00000000-0000-0000-0013-400000000000', '00000000-0000-0000-0007-600000000000'),
('00000000-0000-0000-0007-700000000000', 'Events', '00000000-0000-0000-0013-400000000000', '00000000-0000-0000-0007-700000000000'),
('00000000-0000-0000-0007-800000000000', 'Help me, please!', '00000000-0000-0000-0013-400000000000', '00000000-0000-0000-0007-800000000000'),
('00000000-0000-0000-0007-900000000000', 'Chillen', '00000000-0000-0000-0013-400000000000', '00000000-0000-0000-0007-900000000000'),
('00000000-0000-0000-0007-110000000000', 'Politisch organisieren', '00000000-0000-0000-0013-400000000000', '00000000-0000-0000-0007-110000000000'),
('00000000-0000-0000-0007-120000000000', 'Ferien', '00000000-0000-0000-0013-400000000000', '00000000-0000-0000-0007-120000000000'),
('00000000-0000-0000-0007-130000000000', 'Religion', '00000000-0000-0000-0013-400000000000', '00000000-0000-0000-0007-130000000000');

INSERT INTO `organisations` (`id`, `name`, `website`, `mail`, `phone`, `image`, `address_id`) VALUES
('00000000-0000-0000-0008-100000000000', 'Sport zum Mitmachen e.V.', 'www.szmeV.de', 'szmeV@1.de', '01234567890', 'edbd167f-2cd3-4fdd-9e8e-71328a628841'),
('00000000-0000-0000-0008-200000000000', 'Chillclub', 'www.chillclub.com', 'chillclub@2.com', '09876543210', null, 'db2527da-f0df-4da7-8ef2-ec10d56aa613'),
('00000000-0000-0000-0008-300000000000', 'Die Wuppertaler Musiker', 'www.wuppertal-musik.com', 'wuppertal-musik@3.com', '09876543210', null, 'd8912840-958e-4265-a64d-c71202c56fc9'),
('00000000-0000-0000-0008-400000000000', 'Wupps Gaming', 'www.wuppsgaming.com', 'wuppsgaming@Delete.com', '09876543210', null, '96b4809d-93a7-4455-9c20-5dc0072d541a'),
('00000000-0000-0000-0008-500000000000', 'Religion in Wuppertal', 'www.rel-wuppertal.com', 'rel-wuppertal@Delete.com', '09876543210', null, 'a59f8140-6e8a-4f60-8db4-3b197591321f'),
('00000000-0000-0000-0008-600000000000', 'Hilfe zur Selbsthilfe', 'www.h-z-s.com', 'h-z-s@translate.com', '09876543210', null, '4095f470-a72a-4f66-acc9-51b9ac1e95a4'),
('00000000-0000-0000-0008-700000000000', 'Freizeit Hunters', 'www.freizeithunters.com', 'freizeithunters@noadmin.com', '09876543210', null, '4095f470-a72a-4f66-acc9-51b9ac1e95a4'),
('00000000-0000-0000-0008-800000000000', 'Wuppertal Politics', 'www.wuppertalpolitics.com', 'wuppertalpolitics@orgaMail.com', '09876543210', null, '59c0c0c2-591c-479b-8445-0d4c60d36c89'),
('00000000-0000-0000-0008-900000000000', 'Wuppgngoes Online', 'www.wuppngoesonline.com', 'wuppngoesonline@orgaMap.com', '09876543210', null, '4049df9b-6907-449a-be16-d6a38989367');

INSERT INTO `organisation_translatables` (`id`, `parent_id`, `language_id`, `description`) VALUES
('00000000-0000-0000-0008-100000000000','00000000-0000-0000-0008-100000000000', '00000000-0000-0000-0013-400000000000', 'Wir sind eine Organisation, die sich zum Ziel gesetzt hat Jugendlichen die Freude an der Bewegung näher zu bringen'),
('00000000-0000-0000-0008-200000000000','00000000-0000-0000-0008-200000000000', '00000000-0000-0000-0013-400000000000', 'Wir chillen den ganzen Tag und gehen ab und zu auch mal raus in die weite Welt'),
('00000000-0000-0000-0008-300000000000','00000000-0000-0000-0008-300000000000', '00000000-0000-0000-0013-400000000000', 'Wir sind eine Einrichtung, die zusammen mit Jugendlichen Musik macht'),
('00000000-0000-0000-0008-400000000000','00000000-0000-0000-0008-400000000000', '00000000-0000-0000-0013-400000000000', 'Wir veranstalten öfters Gaming Sessions'),
('00000000-0000-0000-0008-500000000000','00000000-0000-0000-0008-500000000000', '00000000-0000-0000-0013-400000000000', 'Religion in Wuppertal ist eine Organisation, die sich mit mit Jugendlich den religiösen Fragen des Lebens verschrieben haben'),
('00000000-0000-0000-0008-600000000000','00000000-0000-0000-0008-600000000000', '00000000-0000-0000-0013-400000000000', 'Wir helfen euch wie man Probleme selbst lösen kann. Kommt vorbei!'),
('00000000-0000-0000-0008-700000000000','00000000-0000-0000-0008-700000000000', '00000000-0000-0000-0013-400000000000', 'Wir machen gerne Urlaub und nehmen euch gerne dabei mit!'),
('00000000-0000-0000-0008-800000000000','00000000-0000-0000-0008-800000000000', '00000000-0000-0000-0013-400000000000', 'Wir möchten, dass sich Jugendliche mehr in der Politik engagieren'),
('00000000-0000-0000-0008-900000000000','00000000-0000-0000-0008-900000000000', '00000000-0000-0000-0013-400000000000', 'Wir programmieren mit euch und basteln spannende Anwendungen');

INSERT INTO `providers` (`id`, `organisation_id`, `user_id`, `admin`, `approved`) VALUES
('00000000-0000-0000-0009-100000000000', '00000000-0000-0000-0008-100000000000', '00000000-0000-0000-0004-200000000000', 1, 1),
('00000000-0000-0000-0009-200000000000', '00000000-0000-0000-0008-200000000000', '00000000-0000-0000-0004-200000000000', 1, 1),
('00000000-0000-0000-0009-300000000000', '00000000-0000-0000-0008-300000000000', '00000000-0000-0000-0004-200000000000', 1, 1),
('00000000-0000-0000-0009-400000000000', '00000000-0000-0000-0008-400000000000', '00000000-0000-0000-0004-200000000000', 1, 0),
('00000000-0000-0000-0009-500000000000', '00000000-0000-0000-0008-500000000000', '00000000-0000-0000-0004-200000000000', 1, 1),
('00000000-0000-0000-0009-600000000000', '00000000-0000-0000-0008-600000000000', '00000000-0000-0000-0004-200000000000', 1, 1),
('00000000-0000-0000-0009-700000000000', '00000000-0000-0000-0008-700000000000', '00000000-0000-0000-0004-200000000000', 1, 0),
('00000000-0000-0000-0009-800000000000', '00000000-0000-0000-0008-800000000000', '00000000-0000-0000-0004-200000000000', 1, 1),
('00000000-0000-0000-0009-900000000000', '00000000-0000-0000-0008-900000000000', '00000000-0000-0000-0004-200000000000', 1, 1),
('00000000-0000-0000-0009-110000000000', '00000000-0000-0000-0008-100000000000', '00000000-0000-0000-0004-300000000000', 1, 1),
('00000000-0000-0000-0009-120000000000', '00000000-0000-0000-0008-200000000000', '00000000-0000-0000-0004-400000000000', 0, 1),
('00000000-0000-0000-0009-130000000000', '00000000-0000-0000-0008-300000000000', '00000000-0000-0000-0004-300000000000', 0, 1),
('00000000-0000-0000-0009-140000000000', '00000000-0000-0000-0008-400000000000', '00000000-0000-0000-0004-400000000000', 0, 1),
('00000000-0000-0000-0009-150000000000', '00000000-0000-0000-0008-500000000000', '00000000-0000-0000-0004-300000000000', 0, 1),
('00000000-0000-0000-0009-160000000000', '00000000-0000-0000-0008-600000000000', '00000000-0000-0000-0004-400000000000', 0, 1),
('00000000-0000-0000-0009-170000000000', '00000000-0000-0000-0008-700000000000', '00000000-0000-0000-0004-300000000000', 0, 1),
('00000000-0000-0000-0009-180000000000', '00000000-0000-0000-0008-800000000000', '00000000-0000-0000-0004-400000000000', 0, 1),
('00000000-0000-0000-0009-190000000000', '00000000-0000-0000-0008-900000000000', '00000000-0000-0000-0004-300000000000', 0, 1);

INSERT INTO `activities` (`id`, `address_id`, `provider_id`, `category_id`, `contact_name`, `mail`, `phone`, `likes`) VALUES
('00000000-0000-0000-0010-100000000000', '72a75937-1724-4631-af60-6c726f72997a', '00000000-0000-0000-0009-100000000000', '00000000-0000-0000-0007-100000000000', 'Kontaktname', '123456789', 12),
('00000000-0000-0000-0010-200000000000', '72f235ab-191b-4421-a6fe-c516a8a54683', '00000000-0000-0000-0009-200000000000', '00000000-0000-0000-0007-200000000000', 'Kontaktname', '123456789', 20),
('00000000-0000-0000-0010-300000000000', '7abdd488-ce07-4893-9012-799a00ccfa28', '00000000-0000-0000-0009-300000000000', '00000000-0000-0000-0007-300000000000', 'Kontaktname', '123456789', 5),
('00000000-0000-0000-0010-400000000000', '7d0ab2cb-9fb8-4c82-933a-343db499ede5', '00000000-0000-0000-0009-400000000000', '00000000-0000-0000-0007-400000000000', 'Kontaktname', '123456789', 27),
('00000000-0000-0000-0010-500000000000', '8291a3d4-e84c-438b-83f2-78636f26014d', '00000000-0000-0000-0009-500000000000', '00000000-0000-0000-0007-500000000000', 'Kontaktname', '123456789', 18),
('00000000-0000-0000-0010-600000000000', '870fc695-5cf3-4b24-9024-e66c8a921c07', '00000000-0000-0000-0009-600000000000', '00000000-0000-0000-0007-600000000000', 'Kontaktname', '123456789', 9),
('00000000-0000-0000-0010-700000000000', '8d932c0c-c5e0-4fc4-9235-63bde4b8f063', '00000000-0000-0000-0009-700000000000', '00000000-0000-0000-0007-700000000000', 'Kontaktname', '123456789', 11),
('00000000-0000-0000-0010-800000000000', '90ac3a97-dd86-4482-9b64-4dacf5696ec0', '00000000-0000-0000-0009-800000000000', '00000000-0000-0000-0007-800000000000', 'Kontaktname', '123456789', 2),
('00000000-0000-0000-0010-900000000000', '96b4809d-93a7-4455-9c20-5dc0072d541a', '00000000-0000-0000-0009-900000000000', '00000000-0000-0000-0007-900000000000', 'Kontaktname', '123456789', 0),
('00000000-0000-0000-0010-110000000000', 'a0b85371-db5b-46a1-a921-4f0d3c4e010b', '00000000-0000-0000-0009-110000000000', '00000000-0000-0000-0007-110000000000', 'Kontaktname', '123456789', 57),
('00000000-0000-0000-0010-120000000000', 'a59f8140-6e8a-4f60-8db4-3b197591321f', '00000000-0000-0000-0009-120000000000', '00000000-0000-0000-0007-120000000000', 'Kontaktname', '123456789', 4),
('00000000-0000-0000-0010-130000000000', 'a66ad6d8-29c7-4b15-a7ae-fee1b3d8239f', '00000000-0000-0000-0009-130000000000', '00000000-0000-0000-0007-130000000000', 'Kontaktname', '123456789', 135),
('00000000-0000-0000-0010-140000000000', 'b94df03a-9999-4183-a9f7-8ed8ca3a3a99', '00000000-0000-0000-0009-140000000000', '00000000-0000-0000-0007-100000000000', 'Kontaktname', '123456789', 87),
('00000000-0000-0000-0010-150000000000', 'bd590d22-c82e-425f-9ebe-7b0f44433ef5', '00000000-0000-0000-0009-150000000000', '00000000-0000-0000-0007-200000000000', 'Kontaktname', '123456789', 2),
('00000000-0000-0000-0010-160000000000', 'c461e0e9-ad0a-47e0-bfcb-b686fdcadfeb', '00000000-0000-0000-0009-160000000000', '00000000-0000-0000-0007-300000000000', 'Kontaktname', '123456789', 4),
('00000000-0000-0000-0010-170000000000', 'd2063650-3314-4102-9de6-64726781fa16', '00000000-0000-0000-0009-170000000000', '00000000-0000-0000-0007-400000000000', 'Kontaktname', '123456789', 49),
('00000000-0000-0000-0010-180000000000', 'd6212acd-72db-4da2-9d1f-b32eb426cdb5', '00000000-0000-0000-0009-180000000000', '00000000-0000-0000-0007-500000000000', 'Kontaktname', '123456789', 4),
('00000000-0000-0000-0010-190000000000', 'd8912840-958e-4265-a64d-c71202c56fc9', '00000000-0000-0000-0009-190000000000', '00000000-0000-0000-0007-600000000000', 'Kontaktname', '123456789', 97),
('00000000-0000-0000-0010-210000000000', 'da30a7a4-3995-4bb3-b5ed-6319b2e266c5', '00000000-0000-0000-0009-100000000000', '00000000-0000-0000-0007-700000000000', 'Kontaktname', '123456789', 0),
('00000000-0000-0000-0010-220000000000', 'e558777d-192a-4f25-b05b-2d1c82b5c445', '00000000-0000-0000-0009-200000000000', '00000000-0000-0000-0007-800000000000', 'Kontaktname', '123456789', 1),
('00000000-0000-0000-0010-230000000000', 'db2527da-f0df-4da7-8ef2-ec10d56aa613', '00000000-0000-0000-0009-300000000000', '00000000-0000-0000-0007-900000000000', 'Kontaktname', '123456789', 7);

INSERT INTO `activity_translatables` (`id`, `parent_id`, `language_id`, `name`, `description`) VALUES
('00000000-0000-0000-0010-100000000000', '00000000-0000-0000-0010-100000000000', '00000000-0000-0000-0013-400000000000', 'Sportaktivität', 'Eine Sportaktivität bei der alle mitmachen können'),
('00000000-0000-0000-0010-200000000000', '00000000-0000-0000-0010-200000000000', '00000000-0000-0000-0013-400000000000', 'Chillen unter der Woche', 'Wir chillen sau gern unter der Woche, vor allem wenns draußen so kalt ist'),
('00000000-0000-0000-0010-300000000000', '00000000-0000-0000-0010-300000000000', '00000000-0000-0000-0013-400000000000', 'Music gathering', 'Bring dein Instrument mit und dann wird gejammt!'),
('00000000-0000-0000-0010-400000000000', '00000000-0000-0000-0010-400000000000', '00000000-0000-0000-0013-400000000000', 'Gaming am Wochenende', 'Am Wochenende wird zusammen gezockt. Alles ist erlaubt.'),
('00000000-0000-0000-0010-500000000000', '00000000-0000-0000-0010-500000000000', '00000000-0000-0000-0013-400000000000', 'Tag der offenen Tür', 'Wir veranstalten einen Tag der offenen Tür und jeder ist herzlich eingeladen. Es gibt Essen und zu trinken!'),
('00000000-0000-0000-0010-600000000000', '00000000-0000-0000-0010-600000000000', '00000000-0000-0000-0013-400000000000', 'Selbsthilfegruppe', 'Wir wollen euch bei bringen wir ihr euch am besten selbst hilft und wie man Informationen aus dem Netz ziehen kann.'),
('00000000-0000-0000-0010-700000000000', '00000000-0000-0000-0010-700000000000', '00000000-0000-0000-0013-400000000000', 'Ausflug ins Fantasialand', 'Wir machen einen Ausflug ins Fantasialand. Achtung, es gibt nur begränzt Plätze!'),
('00000000-0000-0000-0010-800000000000', '00000000-0000-0000-0010-800000000000', '00000000-0000-0000-0013-400000000000', 'Jugendversammlung der Partei XY', 'Wir von der Partei YX wollen eine neue Jugendorganisation in Wuppertal gründen und laden hiermit jeden herzlich ein zu kommen.'),
('00000000-0000-0000-0010-900000000000', '00000000-0000-0000-0010-900000000000', '00000000-0000-0000-0013-400000000000', 'Hackathon', 'Wir wollen zusammen ein Portal basteln, das für Jugendliche aus Wuppertal genutzt werden soll.'),
('00000000-0000-0000-0010-110000000000', '00000000-0000-0000-0010-110000000000', '00000000-0000-0000-0013-400000000000', 'Sportlern will gelernt sein', 'So ist es!'),
('00000000-0000-0000-0010-120000000000', '00000000-0000-0000-0010-120000000000', '00000000-0000-0000-0013-400000000000', 'Theatergruppe', 'Wer schon mal Lust auf Theaterimprovisation hatte ist bei uns richtig.'),
('00000000-0000-0000-0010-130000000000', '00000000-0000-0000-0010-130000000000', '00000000-0000-0000-0013-400000000000', 'Einsteigerkurs Gitarre', 'Wer Lust hat, kann beim Schnupperkurs mit machen. Wir haben nur begränzt Gitarren und wer eine hat, darf sie gerne mitbringen'),
('00000000-0000-0000-0010-140000000000', '00000000-0000-0000-0010-140000000000', '00000000-0000-0000-0013-400000000000', 'Retro zocken', 'Von Mario bis Sonic wollen wir alle Retroklassiker auspacken und zusammen zocken.'),
('00000000-0000-0000-0010-150000000000', '00000000-0000-0000-0010-150000000000', '00000000-0000-0000-0013-400000000000', 'Treffpunkt Religion', 'Für Interessierte ein Treffpunkt zum Austausch'),
('00000000-0000-0000-0010-160000000000', '00000000-0000-0000-0010-160000000000', '00000000-0000-0000-0013-400000000000', 'Kennenlernen', 'Was man eben beim kennen lernen so macht :-)'),
('00000000-0000-0000-0010-170000000000', '00000000-0000-0000-0010-170000000000', '00000000-0000-0000-0013-400000000000', 'Ausflug nach Köln', 'Wir machen einen Ausflug nach Kölle. Achtung, es gibt nur begränzt Plätze!'),
('00000000-0000-0000-0010-180000000000', '00000000-0000-0000-0010-180000000000', '00000000-0000-0000-0013-400000000000', 'Wahlparty Jugendratswahl', 'Wir wollen nach der Wahl etwas feiern.'),
('00000000-0000-0000-0010-190000000000', '00000000-0000-0000-0010-190000000000', '00000000-0000-0000-0013-400000000000', 'Launchparty Wuppngo', 'Kommt vorbei wenn das Wuppngo offiziell online geht'),
('00000000-0000-0000-0010-210000000000', '00000000-0000-0000-0010-210000000000', '00000000-0000-0000-0013-400000000000', 'Stadtrundlauf durch Wuppertal', 'Wir wollen euch Stadtteile und Orte in Wuppertal zeigen, die ihr selbst nicht mal kennt.'),
('00000000-0000-0000-0010-220000000000', '00000000-0000-0000-0010-220000000000', '00000000-0000-0000-0013-400000000000', 'Chor zum Mitmachen', 'Egal, ob die Stimme gut oder schlecht ist. Wir finden für jeden einen Platz im Chor.'),
('00000000-0000-0000-0010-230000000000', '00000000-0000-0000-0010-230000000000', '00000000-0000-0000-0013-400000000000', 'Chillen und zocken', 'Genau das: chillen und zocken.');

INSERT INTO `activities_target_groups` (`id`, `activity_id`, `target_group_id`) VALUES
('00000000-0000-0000-0015-000000000001', '00000000-0000-0000-0010-100000000000', '10000000-0000-0000-0003-100000000000'),
('00000000-0000-0000-0015-000000000002', '00000000-0000-0000-0010-200000000000', '10000000-0000-0000-0003-200000000000'),
('00000000-0000-0000-0015-000000000003', '00000000-0000-0000-0010-300000000000', '10000000-0000-0000-0003-300000000000'),
('00000000-0000-0000-0015-000000000004', '00000000-0000-0000-0010-400000000000', '10000000-0000-0000-0003-400000000000'),
('00000000-0000-0000-0015-000000000005', '00000000-0000-0000-0010-500000000000', '10000000-0000-0000-0003-500000000000'),
('00000000-0000-0000-0015-000000000006', '00000000-0000-0000-0010-600000000000', '10000000-0000-0000-0003-600000000000'),
('00000000-0000-0000-0015-000000000007', '00000000-0000-0000-0010-700000000000', '10000000-0000-0000-0003-700000000000'),
('00000000-0000-0000-0015-000000000008', '00000000-0000-0000-0010-800000000000', '10000000-0000-0000-0003-100000000000'),
('00000000-0000-0000-0015-000000000009', '00000000-0000-0000-0010-900000000000', '10000000-0000-0000-0003-200000000000'),
('00000000-0000-0000-0015-000000000010', '00000000-0000-0000-0010-110000000000', '10000000-0000-0000-0003-300000000000'),
('00000000-0000-0000-0015-000000000011', '00000000-0000-0000-0010-120000000000', '10000000-0000-0000-0003-400000000000'),
('00000000-0000-0000-0015-000000000012', '00000000-0000-0000-0010-130000000000', '10000000-0000-0000-0003-500000000000'),
('00000000-0000-0000-0015-000000000013', '00000000-0000-0000-0010-140000000000', '10000000-0000-0000-0003-600000000000'),
('00000000-0000-0000-0015-000000000014', '00000000-0000-0000-0010-150000000000', '10000000-0000-0000-0003-700000000000'),
('00000000-0000-0000-0015-000000000015', '00000000-0000-0000-0010-160000000000', '10000000-0000-0000-0003-100000000000'),
('00000000-0000-0000-0015-000000000016', '00000000-0000-0000-0010-170000000000', '10000000-0000-0000-0003-200000000000'),
('00000000-0000-0000-0015-000000000017', '00000000-0000-0000-0010-180000000000', '10000000-0000-0000-0003-300000000000'),
('00000000-0000-0000-0015-000000000018', '00000000-0000-0000-0010-190000000000', '10000000-0000-0000-0003-400000000000'),
('00000000-0000-0000-0015-000000000019', '00000000-0000-0000-0010-210000000000', '10000000-0000-0000-0003-500000000000'),
('00000000-0000-0000-0015-000000000020', '00000000-0000-0000-0010-220000000000', '10000000-0000-0000-0003-600000000000'),
('00000000-0000-0000-0015-000000000021', '00000000-0000-0000-0010-230000000000', '10000000-0000-0000-0003-700000000000');

INSERT INTO `schedules` (`id`, `start_date`, `end_date`, `activity_id`) VALUES
('00000000-0000-0000-0011-100000000000', '2099-04-19 13:00:00', '2099-04-19 15:00:00', '00000000-0000-0000-0010-100000000000'),
('00000000-0000-0000-0011-200000000000', '2099-04-20 13:00:00', '2099-04-20 15:00:00', '00000000-0000-0000-0010-200000000000'),
('00000000-0000-0000-0011-300000000000', '2099-04-21 13:00:00', '2099-04-21 15:00:00', '00000000-0000-0000-0010-300000000000'),
('00000000-0000-0000-0011-400000000000', '2099-04-21 14:00:00', '2099-04-22 16:00:00', '00000000-0000-0000-0010-400000000000'),
('00000000-0000-0000-0011-500000000000', '2099-04-21 14:00:00', '2099-04-22 16:00:00', '00000000-0000-0000-0010-500000000000'),
('00000000-0000-0000-0011-600000000000', '2099-04-21 14:00:00', '2099-04-22 16:00:00', '00000000-0000-0000-0010-600000000000'),
('00000000-0000-0000-0011-700000000000', '2099-04-21 14:00:00', '2099-04-22 16:00:00', '00000000-0000-0000-0010-700000000000'),
('00000000-0000-0000-0011-800000000000', '2099-04-21 14:00:00', '2099-04-22 16:00:00', '00000000-0000-0000-0010-800000000000'),
('00000000-0000-0000-0011-900000000000', '2099-04-21 14:00:00', '2099-04-22 16:00:00', '00000000-0000-0000-0010-900000000000'),
('00000000-0000-0000-0011-110000000000', '2099-04-21 14:00:00', '2099-04-22 16:00:00', '00000000-0000-0000-0010-110000000000'),
('00000000-0000-0000-0011-120000000000', '2099-04-21 14:00:00', '2099-04-22 16:00:00', '00000000-0000-0000-0010-120000000000'),
('00000000-0000-0000-0011-130000000000', '2099-04-21 14:00:00', '2099-04-22 16:00:00', '00000000-0000-0000-0010-130000000000'),
('00000000-0000-0000-0011-140000000000', '2099-04-21 14:00:00', '2099-04-22 16:00:00', '00000000-0000-0000-0010-140000000000'),
('00000000-0000-0000-0011-150000000000', '2099-04-21 14:00:00', '2099-04-22 16:00:00', '00000000-0000-0000-0010-150000000000'),
('00000000-0000-0000-0011-160000000000', '2099-04-21 14:00:00', '2099-04-22 16:00:00', '00000000-0000-0000-0010-160000000000'),
('00000000-0000-0000-0011-170000000000', '2099-04-21 14:00:00', '2099-04-22 16:00:00', '00000000-0000-0000-0010-170000000000'),
('00000000-0000-0000-0011-180000000000', '2099-04-21 14:00:00', '2099-04-22 16:00:00', '00000000-0000-0000-0010-180000000000'),
('00000000-0000-0000-0011-190000000000', '2099-04-21 14:00:00', '2099-04-22 16:00:00', '00000000-0000-0000-0010-190000000000'),
('00000000-0000-0000-0011-210000000000', '2099-04-21 14:00:00', '2099-04-22 16:00:00', '00000000-0000-0000-0010-210000000000'),
('00000000-0000-0000-0011-220000000000', '2099-04-21 14:00:00', '2099-04-22 16:00:00', '00000000-0000-0000-0010-220000000000'),
('00000000-0000-0000-0011-220000000000', '2099-04-21 14:00:00', '2099-04-22 16:00:00', '00000000-0000-0000-0010-230000000000');


INSERT INTO `translations` (`id`, `locale`, `name`) VALUES
('00000000-0000-0000-0013-100000000000', 'es', 'Español'),
('00000000-0000-0000-0013-200000000000', 'fr', 'Français'),
('00000000-0000-0000-0013-300000000000', 'en', 'English'),
('00000000-0000-0000-0013-400000000000', 'de', 'Deutsch');
